"x","type","y"
-1.17718395706574,"C",0.326738592562071
1.28972879909074,"C",2.04456172150777
-1.28696045877973,"C",-1.3809786340578
1.45469564513765,"A",1.92430862470596
0.750210428833177,"A",3.87722983813011
0.585319039055825,"C",1.83859426712125
1.35900867357347,"C",1.39574993108058
1.27338995785281,"B",1.56804609277269
-0.326895927315015,"B",0.930411733587648
1.49485381905054,"B",2.09962219593449
